essay,feedback

"This essay is well-organized and shows good understanding.","Excellent work you did."
"This is a poorly written essay with grammar issues.","Needs improvement. Work on grammar, sentence structure, and content."
"Decent structure but vocabulary is weak.","Good job! Improve grammar and structure for better clarity."
"Excellent arguments and flawless grammar.","Excellent. Improve your structure and your grammar is very good."
"Not enough content and lacks clarity.","Needs improvement. Work on grammar, sentence structure, and content."
"Well-written but could be more concise.","Good job! Improve grammar and structure for better clarity."
"Very weak arguments and poor organization.","Needs improvement. Work on grammar, sentence structure, and content."
"This essay shows strong critical thinking and clear writing.","Excellent work you did."
"The essay lacks a clear thesis and proper conclusion.","Good job! Improve grammar and structure for better clarity."
"Impressive vocabulary and structured paragraphs.","Excellent. Improve your structure and your grammar is very good."
"This essay is well-organized and shows good understanding.","Excellent work you did."
"This is a poorly written essay with grammar issues.","Needs improvement. Work on grammar, sentence structure, and content."
"Decent structure but vocabulary is weak.","Good job! Improve grammar and structure for better clarity."
"Excellent arguments and flawless grammar.","Excellent. Improve your structure and your grammar is very good."
"Not enough content and lacks clarity.","Needs improvement. Work on grammar, sentence structure, and content."
"Well-written but could be more concise.","Good job! Improve grammar and structure for better clarity."
"Very weak arguments and poor organization.","Needs improvement. Work on grammar, sentence structure, and content."
"This essay shows strong critical thinking and clear writing.","Excellent work you did."
"The essay lacks a clear thesis and proper conclusion.","Good job! Improve grammar and structure for better clarity."
"Impressive vocabulary and structured paragraphs.","Excellent. Improve your structure and your grammar is very good."
"This essay was short and didn't make a strong point.","Needs improvement. Work on grammar, sentence structure, and content."
"Fantastic use of evidence and strong conclusion.","Excellent work you did."
"Too many spelling mistakes throughout the essay.","Needs improvement. Work on grammar, sentence structure, and content."
"Sentences are disjointed and ideas are not clear.","Needs improvement. Work on grammar, sentence structure, and content."
"Creative introduction and strong analysis.","Excellent. Improve your structure and your grammar is very good."
"The essay is repetitive and lacks substance.","Good job! Improve grammar and structure for better clarity."
"Proper citations and logical flow.","Excellent work you did."
"Fails to support main argument with evidence.","Needs improvement. Work on grammar, sentence structure, and content."
"The points are valid but not well explained.","Good job! Improve grammar and structure for better clarity."
"Shows effort but lacks academic tone.","Good job! Improve grammar and structure for better clarity."
"Excellent formatting and writing style.","Excellent. Improve your structure and your grammar is very good."
"The essay has potential but needs better transitions.","Good job! Improve grammar and structure for better clarity."
"Very poor grammar and no clear argument.","Needs improvement. Work on grammar, sentence structure, and content."
"Strong thesis and excellent support.","Excellent work you did."
"Poor use of vocabulary and choppy sentences.","Needs improvement. Work on grammar, sentence structure, and content."
"Logical flow with solid arguments.","Excellent. Improve your structure and your grammar is very good."
"Confusing sentence structure and poor flow.","Needs improvement. Work on grammar, sentence structure, and content."
"Highly persuasive writing and excellent tone.","Excellent work you did."
"Average content but organized presentation.","Good job! Improve grammar and structure for better clarity."
"Lacks originality and clarity.","Needs improvement. Work on grammar, sentence structure, and content."
essay,feedback
"The writing is compelling and flows smoothly from point to point.","Excellent work you did."
"The essay is too short and lacks proper explanation.","Needs improvement. Work on grammar, sentence structure, and content."
"Shows deep understanding with well-supported claims.","Excellent. Improve your structure and your grammar is very good."
"Several grammatical errors make this hard to follow.","Needs improvement. Work on grammar, sentence structure, and content."
"Great introduction and clearly defined conclusion.","Excellent work you did."
"The essay repeats ideas without adding value.","Good job! Improve grammar and structure for better clarity."
"Arguments are vague and unsupported.","Needs improvement. Work on grammar, sentence structure, and content."
"Uses appropriate examples to support arguments.","Excellent. Improve your structure and your grammar is very good."
"Transitions between paragraphs are missing.","Good job! Improve grammar and structure for better clarity."
"The essay is disorganized and jumps between topics.","Needs improvement. Work on grammar, sentence structure, and content."
"Great insights and analytical depth.","Excellent work you did."
"Run-on sentences and poor punctuation hurt readability.","Needs improvement. Work on grammar, sentence structure, and content."
"Rich vocabulary and appropriate tone.","Excellent. Improve your structure and your grammar is very good."
"Basic grammar mistakes throughout.","Needs improvement. Work on grammar, sentence structure, and content."
"Strong evidence and logical sequencing.","Excellent work you did."
"Hard to understand due to poor structure.","Needs improvement. Work on grammar, sentence structure, and content."
"Shows promise but lacks fluency.","Good job! Improve grammar and structure for better clarity."
"Logical progression and compelling conclusion.","Excellent. Improve your structure and your grammar is very good."
"The ideas are all over the place and unorganized.","Needs improvement. Work on grammar, sentence structure, and content."
"Fair writing style, but not very persuasive.","Good job! Improve grammar and structure for better clarity."
"Demonstrates advanced understanding of the topic.","Excellent work you did."
"Incomplete sentences reduce clarity.","Needs improvement. Work on grammar, sentence structure, and content."
"Excellent use of varied sentence structures.","Excellent. Improve your structure and your grammar is very good."
"Lacks coherence between paragraphs.","Good job! Improve grammar and structure for better clarity."
"Essay starts strong but ends abruptly.","Good job! Improve grammar and structure for better clarity."
"The essay lacks originality and personal insight.","Needs improvement. Work on grammar, sentence structure, and content."
"Essay is informative and well-supported.","Excellent work you did."
"The essay is well-researched and nicely formatted.","Excellent. Improve your structure and your grammar is very good."
"Contains too many informal expressions.","Good job! Improve grammar and structure for better clarity."
"Fails to define key terms and lacks examples.","Needs improvement. Work on grammar, sentence structure, and content."
"Demonstrates critical thinking and proper analysis.","Excellent work you did."
"Awkward phrasing and limited vocabulary.","Needs improvement. Work on grammar, sentence structure, and content."
"Solid organization and logical ideas.","Excellent. Improve your structure and your grammar is very good."
"Too descriptive and lacks analytical depth.","Good job! Improve grammar and structure for better clarity."
"Content is repetitive and unclear.","Needs improvement. Work on grammar, sentence structure, and content."
"Interesting perspective with solid backing.","Excellent work you did."
"Doesn't address the essay prompt properly.","Needs improvement. Work on grammar, sentence structure, and content."
"Polished and coherent writing.","Excellent. Improve your structure and your grammar is very good."
"Fails to use transitions effectively.","Good job! Improve grammar and structure for better clarity."
"Excellent integration of sources and citations.","Excellent work you did."
"The tone is inconsistent throughout.","Good job! Improve grammar and structure for better clarity."
"Thorough response with minimal errors.","Excellent. Improve your structure and your grammar is very good."
"Many run-on sentences and grammar slips.","Needs improvement. Work on grammar, sentence structure, and content."
"Clear stance and focused argument.","Excellent work you did."
"Very basic sentence structures are used.","Needs improvement. Work on grammar, sentence structure, and content."
"Well-edited and clean writing.","Excellent. Improve your structure and your grammar is very good."
"Unclear thesis and supporting points.","Needs improvement. Work on grammar, sentence structure, and content."
"The essay covers all major points well.","Excellent work you did."
"Misses important counterarguments.","Good job! Improve grammar and structure for better clarity."
"Sharp critique with structured paragraphs.","Excellent. Improve your structure and your grammar is very good."
"Incorrect tenses and inconsistent pronouns.","Needs improvement. Work on grammar, sentence structure, and content."
"Essay lacks focus and digresses often.","Needs improvement. Work on grammar, sentence structure, and content."
"Concise, engaging, and relevant writing.","Excellent work you did."
"Has ideas but lacks cohesion.","Good job! Improve grammar and structure for better clarity."
"Disorganized structure confuses reader.","Needs improvement. Work on grammar, sentence structure, and content."
"Good flow and consistent tone.","Excellent. Improve your structure and your grammar is very good."
"The argument is stated but not supported.","Good job! Improve grammar and structure for better clarity."
"Poor paragraphing and abrupt transitions.","Needs improvement. Work on grammar, sentence structure, and content."
"Creative style and strong points.","Excellent work you did."
"Too brief to cover the topic well.","Needs improvement. Work on grammar, sentence structure, and content."
"Precise language and formal tone.","Excellent. Improve your structure and your grammar is very good."
"Lack of clarity in main points.","Good job! Improve grammar and structure for better clarity."
"Great command of language and grammar.","Excellent work you did."
"Vague statements and unsupported claims.","Needs improvement. Work on grammar, sentence structure, and content."
"Balanced argument and structured layout.","Excellent. Improve your structure and your grammar is very good."
"Better use of examples would help.","Good job! Improve grammar and structure for better clarity."
"Frequent spelling mistakes reduce quality.","Needs improvement. Work on grammar, sentence structure, and content."
"Clear message and well-planned sections.","Excellent work you did."
"Too many filler words and phrases.","Needs improvement. Work on grammar, sentence structure, and content."
"Polished arguments and clear tone.","Excellent. Improve your structure and your grammar is very good."
"Grammatical mistakes disrupt the flow.","Needs improvement. Work on grammar, sentence structure, and content."
"Essay is rich in content and well explained.","Excellent work you did."
"Inconsistent formatting and presentation.","Good job! Improve grammar and structure for better clarity."
"Great organization, but minor grammar issues.","Excellent. Improve your structure and your grammar is very good."
"Missing introduction and weak body paragraphs.","Needs improvement. Work on grammar, sentence structure, and content."
"Proper structure with meaningful insights.","Excellent work you did."
"Lacks direction and main argument.","Good job! Improve grammar and structure for better clarity."
"Technical terms used correctly and effectively.","Excellent. Improve your structure and your grammar is very good."
"The tone is informal and not academic.","Needs improvement. Work on grammar, sentence structure, and content."
"Essay is engaging and demonstrates original thinking.","Excellent work you did."
"Repetitive ideas reduce the overall impact of the essay.","Good job! Improve grammar and structure for better clarity."
"Highly detailed analysis of the topic with strong evidence.","Excellent. Improve your structure and your grammar is very good."
"Poor vocabulary choice weakens the arguments.","Needs improvement. Work on grammar, sentence structure, and content."
"Great control of tone and flow.","Excellent work you did."
"Disjointed paragraphs with no clear progression.","Needs improvement. Work on grammar, sentence structure, and content."
"Essay is well-developed and thoughtful.","Excellent. Improve your structure and your grammar is very good."
"Numerous sentence fragments reduce readability.","Needs improvement. Work on grammar, sentence structure, and content."
"Logical and persuasive arguments.","Excellent work you did."
"Insufficient elaboration on key points.","Good job! Improve grammar and structure for better clarity."
"Grammar is mostly correct but some sentence errors.","Good job! Improve grammar and structure for better clarity."
"Content is too shallow to provide insight.","Needs improvement. Work on grammar, sentence structure, and content."
"Good transitions and coherent structure.","Excellent. Improve your structure and your grammar is very good."
"The structure is fine, but the grammar needs work.","Good job! Improve grammar and structure for better clarity."
"Conclusion is abrupt and lacks summary.","Good job! Improve grammar and structure for better clarity."
"Essay is technically sound and concise.","Excellent work you did."
"Minimal errors, solid vocabulary, and relevant points.","Excellent. Improve your structure and your grammar is very good."
"Lacks strong supporting evidence for the thesis.","Needs improvement. Work on grammar, sentence structure, and content."
"The essay starts strong but weakens toward the end.","Good job! Improve grammar and structure for better clarity."
"Impressive writing quality and logical reasoning.","Excellent work you did."
"Poor grammar and a confusing structure.","Needs improvement. Work on grammar, sentence structure, and content."
"Content reflects understanding, though it's not well structured.","Good job! Improve grammar and structure for better clarity."
"Very impressive word choice and argument structure.","Excellent. Improve your structure and your grammar is very good."
"The response lacks critical thinking and detail.","Needs improvement. Work on grammar, sentence structure, and content."
"Strong coherence between paragraphs and ideas.","Excellent work you did."
"Fails to stay on topic consistently.","Needs improvement. Work on grammar, sentence structure, and content."
"Excellent grammar and well-organized thoughts.","Excellent. Improve your structure and your grammar is very good."
"The essay reads like a list and lacks flow.","Needs improvement. Work on grammar, sentence structure, and content."
"Fair language skills, but the argument is unclear.","Good job! Improve grammar and structure for better clarity."
"Insightful and well-written piece.","Excellent work you did."
"Essay structure is weak despite good points.","Good job! Improve grammar and structure for better clarity."
"Impressive balance between personal opinion and facts.","Excellent. Improve your structure and your grammar is very good."
"Disorganized and grammatically weak writing.","Needs improvement. Work on grammar, sentence structure, and content."
"The ideas are compelling and presented effectively.","Excellent work you did."
"The writing feels mechanical and lacks emotion.","Good job! Improve grammar and structure for better clarity."
"The response contains various grammar mistakes.","Needs improvement. Work on grammar, sentence structure, and content."
"Clear, focused, and well-executed essay.","Excellent. Improve your structure and your grammar is very good."
"Contains jargon without adequate explanation.","Good job! Improve grammar and structure for better clarity."
"Logical but has several spelling mistakes.","Good job! Improve grammar and structure for better clarity."
"Powerful introduction with strong thesis.","Excellent work you did."
"Content is confusing due to fragmented thoughts.","Needs improvement. Work on grammar, sentence structure, and content."
"The essay reflects maturity and depth.","Excellent. Improve your structure and your grammar is very good."
"Poor punctuation affects overall clarity.","Good job! Improve grammar and structure for better clarity."
"Essay lacks direction and clear objectives.","Needs improvement. Work on grammar, sentence structure, and content."
"Great improvement from previous attempts.","Good job! Improve grammar and structure for better clarity."
"Too many quotations, not enough original thought.","Needs improvement. Work on grammar, sentence structure, and content."
"Essay is concise and effectively communicates key ideas.","Excellent work you did."
"The structure needs better organization.","Good job! Improve grammar and structure for better clarity."
"Transitions need improvement.","Good job! Improve grammar and structure for better clarity."
"Great voice and clear perspective.","Excellent. Improve your structure and your grammar is very good."
"Good structure but inconsistent verb tenses.","Good job! Improve grammar and structure for better clarity."
"Topic is not explored in sufficient depth.","Needs improvement. Work on grammar, sentence structure, and content."
"Strong flow and logical consistency.","Excellent work you did."
"The points are underdeveloped and vague.","Needs improvement. Work on grammar, sentence structure, and content."
"Well-polished writing with minimal issues.","Excellent. Improve your structure and your grammar is very good."
"Too informal in tone for an academic essay.","Good job! Improve grammar and structure for better clarity."
"Clear ideas but grammar mistakes hinder flow.","Needs improvement. Work on grammar, sentence structure, and content."
"Consistent argument with good progression.","Excellent. Improve your structure and your grammar is very good."
"Argument is evident but not well supported.","Good job! Improve grammar and structure for better clarity."
"The structure makes it hard to follow.","Needs improvement. Work on grammar, sentence structure, and content."
"Creative ideas and strong vocabulary.","Excellent work you did."
"Hard to understand due to frequent grammar errors.","Needs improvement. Work on grammar, sentence structure, and content."
"Fair execution with minor structural flaws.","Good job! Improve grammar and structure for better clarity."
"Engaging tone and persuasive content.","Excellent. Improve your structure and your grammar is very good."
"The language is overly complex and wordy.","Good job! Improve grammar and structure for better clarity."
"Nice use of transitions and paragraph unity.","Excellent work you did."
"The points jump around with little clarity.","Needs improvement. Work on grammar, sentence structure, and content."
"Thorough explanation and precise examples.","Excellent. Improve your structure and your grammar is very good."
"Conclusion is not well-aligned with the rest of the essay.","Good job! Improve grammar and structure for better clarity."
"Very basic sentence formation used throughout.","Needs improvement. Work on grammar, sentence structure, and content."
"Balanced tone with appropriate vocabulary.","Excellent work you did."
"Fails to meet the word requirement.","Good job! Improve grammar and structure for better clarity."
"Content is rich and logically sequenced.","Excellent. Improve your structure and your grammar is very good."
"Unclear topic sentences reduce coherence.","Needs improvement. Work on grammar, sentence structure, and content."
"Excellent vocabulary and phrasing.","Excellent work you did."
"The writing needs more polish and proofreading.","Good job! Improve grammar and structure for better clarity."
"Does not cite sources properly.","Needs improvement. Work on grammar, sentence structure, and content."
"Argument flows naturally and is convincing.","Excellent. Improve your structure and your grammar is very good."
"Language is flat and lacks engagement.","Good job! Improve grammar and structure for better clarity."
"Essay is logical and easy to follow.","Excellent work you did."